https://www.instagram.com/anthony_otavio5/;;
https://www.instagram.com/roberto_galarce_aguiar/;;
https://www.instagram.com/leandroparra.oficial/;;
https://www.instagram.com/souza_iat/;;
https://www.instagram.com/lucineidjesus1/;;
https://www.instagram.com/arenamarianojijoca/;;
https://www.instagram.com/raphaelandrade.delivery/;;
https://www.instagram.com/vallopesm_11/;;
https://www.instagram.com/raquelbarberino/;;
https://www.instagram.com/jhonricky/;;
https://www.instagram.com/o.josicleiton/;;
https://www.instagram.com/kingdomeventos_mirtes/;;
https://www.instagram.com/_cortespaboomaral/;;
https://www.instagram.com/angelita_nogueira_/;;
https://www.instagram.com/angelita_nogueira_/;;
https://www.instagram.com/mrraizes/;;
https://www.instagram.com/souvivibruneli/;;
https://www.instagram.com/iracema_rosario/;;
https://www.instagram.com/jefferson.asvg/;;
https://www.instagram.com/mari_sexniashvili_02/;;
https://www.instagram.com/eduvipp/;;
https://www.instagram.com/meumetodomarketing/;;
https://www.instagram.com/jrsz10/;;
https://www.instagram.com/xpolux0xz_/;;
https://www.instagram.com/andinducorte_oficial/;;
https://www.instagram.com/teus_cartzista/;;
https://www.instagram.com/isaurasasaki7/;;
https://www.instagram.com/maria_lima_conceicao_/;;
https://www.instagram.com/viniciusdejesus.__/;;
https://www.instagram.com/veraleal.5680/;;
https://www.instagram.com/veraleal.5680/;;
https://www.instagram.com/veraleal.5680/;;
https://www.instagram.com/diariodomagnata1/;;
https://www.instagram.com/nicemariaaof/;;
https://www.instagram.com/yas_mininn/;;
https://www.instagram.com/rogeriof0202/;;
https://www.instagram.com/caodeperfil_/;;
https://www.instagram.com/brilhante.piscinas/;;
https://www.instagram.com/acaosolidaria_of/;;
https://www.instagram.com/davi_vitorm/;;
https://www.instagram.com/silva0210kayo/;;
https://www.instagram.com/_.robim/;;
https://www.instagram.com/lucas_kauan_de_souza/;;
https://www.instagram.com/pedrohcrocha/;;
https://www.instagram.com/fco.carlos02/;;
https://www.instagram.com/kleiderheckert/;;
https://www.instagram.com/122d63/;;
https://www.instagram.com/porto42k/;;
https://www.instagram.com/luizgomescoelho/;;
https://www.instagram.com/_01avillaa/;;
https://www.instagram.com/rone_.0/;;
https://www.instagram.com/gustavo.piau/;;
https://www.instagram.com/jorgemariano01/;;
https://www.instagram.com/adiltom.eduardo/;;
https://www.instagram.com/eltonguilherme10/;;
https://www.instagram.com/suzyrodrigues23/;;
https://www.instagram.com/hallangomes/;;
https://www.instagram.com/suzyrodrigues23/;;
https://www.instagram.com/aquila365/;;
https://www.instagram.com/ruyofficial192/;;
https://www.instagram.com/122d63/;;
https://www.instagram.com/miraboa8/;;
